Supply Priority,Study Region,Contractor,2025,2030,2035,2040,2045,Notes
Local Surface,Central Valley - Sacramento Valley,City of Folsom,1,1,1,1,1,
Local Surface,Central Valley - Sacramento Valley,City of Redding,1,1,1,1,1,
Local Surface,Central Valley - Sacramento Valley,City of Roseville,1,1,1,1,1,
Local Surface,Central Valley - Sacramento Valley,City of West Sacramento,1,1,1,1,1,
Local Surface,Central Valley - Sacramento Valley,Yuba City,1,1,1,1,1,
Local Surface,Central Valley - Sacramento Valley,El Dorado Irrigation District,1,1,1,1,1,
Local Surface,Central Valley - Sacramento Valley,Napa County Flood Control & Water Conservation District,1,1,1,1,1,
Local Surface,Central Valley - Sacramento Valley,Placer County Water Agency,1,1,1,1,1,
Local Surface,Central Valley - Sacramento Valley,Sacramento County Water Agency,1,1,1,1,1,
Local Surface,Central Valley - Sacramento Valley,San Juan Water District,1,1,1,1,1,
Local Surface,Central Valley - Sacramento Valley,Shasta Contractors,1,1,1,1,1,
Local Surface,Central Valley - Sacramento Valley,Solano County Water Agency,1,1,1,1,1,
Local Surface,Central Valley - San Joaquin Valley,City of Avenal,1,1,1,1,1,
Local Surface,Central Valley - San Joaquin Valley,City of Coalinga,1,1,1,1,1,
Local Surface,Central Valley - San Joaquin Valley,City of Fresno,1,1,1,1,1,
Local Surface,Central Valley - San Joaquin Valley,City of Huron,1,1,1,1,1,
Local Surface,Central Valley - San Joaquin Valley,City of Lindsay,1,1,1,1,1,
Local Surface,Central Valley - San Joaquin Valley,City of Orange Cove,1,1,1,1,1,
Local Surface,Central Valley - San Joaquin Valley,City of Tracy,1,1,1,1,1,
Local Surface,Central Valley - San Joaquin Valley,Kern County Water Agency,1,1,1,1,1,
Local Surface,Central Valley - San Joaquin Valley,Other Friant-Kern M&I Contractors,1,1,1,1,1,
Local Surface,Central Valley - San Joaquin Valley,Stockton-East Water District,1,1,1,1,1,
Local Surface,San Francisco Bay Area,"Alameda County Flood Control and Water Conservation District, Zone 7",1,1,1,1,1,
Local Surface,San Francisco Bay Area,Alameda County Water District,1,1,1,1,1,
Local Surface,San Francisco Bay Area,Contra Costa Water District,1,1,1,1,1,
Local Surface,San Francisco Bay Area,East Bay Municipal Utilities District,1,1,1,1,1,
Local Surface,San Francisco Bay Area,"San Benito County Water District, Zone 6",1,1,1,1,1,
Local Surface,San Francisco Bay Area,Santa Clara Valley Water District,1,1,1,1,1,
Local Surface,Central Coast,San Luis Obispo County Flood Control & Water Conservation District,1,1,1,1,1,
Local Surface,Central Coast,Santa Barbara County Flood Control & Water Conservation District,1,1,1,1,1,
Local Surface,Southern California,Antelope Valley-East Kern Water Agency,1,1,1,1,1,
Local Surface,Southern California,Santa Clarita Water Division,1,1,1,1,1,
Local Surface,Southern California,Coachella Valley Water District,1,1,1,1,1,
Local Surface,Southern California,Crestline-Lake Arrowhead Water Agency,1,1,1,1,1,
Local Surface,Southern California,Desert Water Agency,1,1,1,1,1,
Local Surface,Southern California,Metropolitan Water District of Southern California,1,1,1,1,1,
Local Surface,Southern California,Mojave Water Agency,1,1,1,1,1,
Local Surface,Southern California,Palmdale Water District & Littlerock Creek Irrigation District,1,1,1,1,1,
Local Surface,Southern California,San Bernardino Valley Municipal Water District,1,1,1,1,1,
Local Surface,Southern California,San Gabriel Valley Municipal Water District,1,1,1,1,1,
Local Surface,Southern California,San Gorgonio Pass Water Agency,1,1,1,1,1,
Local Surface,Southern California,Ventura County Watershed Protection District,1,1,1,1,1,
Local Groundwater,Central Valley - Sacramento Valley,City of Folsom,2,2,2,2,2,
Local Groundwater,Central Valley - Sacramento Valley,City of Redding,2,2,2,2,2,
Local Groundwater,Central Valley - Sacramento Valley,City of Roseville,2,2,2,2,2,
Local Groundwater,Central Valley - Sacramento Valley,City of West Sacramento,2,2,2,2,2,
Local Groundwater,Central Valley - Sacramento Valley,Yuba City,2,2,2,2,2,
Local Groundwater,Central Valley - Sacramento Valley,El Dorado Irrigation District,2,2,2,2,2,
Local Groundwater,Central Valley - Sacramento Valley,Napa County Flood Control & Water Conservation District,2,2,2,2,2,
Local Groundwater,Central Valley - Sacramento Valley,Placer County Water Agency,2,2,2,2,2,
Local Groundwater,Central Valley - Sacramento Valley,Sacramento County Water Agency,2,2,2,2,2,
Local Groundwater,Central Valley - Sacramento Valley,San Juan Water District,2,2,2,2,2,
Local Groundwater,Central Valley - Sacramento Valley,Shasta Contractors,2,2,2,2,2,
Local Groundwater,Central Valley - Sacramento Valley,Solano County Water Agency,2,2,2,2,2,
Local Groundwater,Central Valley - San Joaquin Valley,City of Avenal,2,2,2,2,2,
Local Groundwater,Central Valley - San Joaquin Valley,City of Coalinga,2,2,2,2,2,
Local Groundwater,Central Valley - San Joaquin Valley,City of Fresno,2,2,2,2,2,
Local Groundwater,Central Valley - San Joaquin Valley,City of Huron,2,2,2,2,2,
Local Groundwater,Central Valley - San Joaquin Valley,City of Lindsay,2,2,2,2,2,
Local Groundwater,Central Valley - San Joaquin Valley,City of Orange Cove,2,2,2,2,2,
Local Groundwater,Central Valley - San Joaquin Valley,City of Tracy,2,2,2,2,2,
Local Groundwater,Central Valley - San Joaquin Valley,Kern County Water Agency,2,2,2,2,2,
Local Groundwater,Central Valley - San Joaquin Valley,Other Friant-Kern M&I Contractors,2,2,2,2,2,
Local Groundwater,Central Valley - San Joaquin Valley,Stockton-East Water District,2,2,2,2,2,
Local Groundwater,San Francisco Bay Area,"Alameda County Flood Control and Water Conservation District, Zone 7",2,2,2,2,2,
Local Groundwater,San Francisco Bay Area,Alameda County Water District,2,2,2,2,2,
Local Groundwater,San Francisco Bay Area,Contra Costa Water District,2,2,2,2,2,
Local Groundwater,San Francisco Bay Area,East Bay Municipal Utilities District,2,2,2,2,2,
Local Groundwater,San Francisco Bay Area,"San Benito County Water District, Zone 6",2,2,2,2,2,
Local Groundwater,San Francisco Bay Area,Santa Clara Valley Water District,2,2,2,2,2,
Local Groundwater,Central Coast,San Luis Obispo County Flood Control & Water Conservation District,2,2,2,2,2,
Local Groundwater,Central Coast,Santa Barbara County Flood Control & Water Conservation District,2,2,2,2,2,
Local Groundwater,Southern California,Antelope Valley-East Kern Water Agency,2,2,2,2,2,
Local Groundwater,Southern California,Santa Clarita Water Division,2,2,2,2,2,
Local Groundwater,Southern California,Coachella Valley Water District,2,2,2,2,2,
Local Groundwater,Southern California,Crestline-Lake Arrowhead Water Agency,2,2,2,2,2,
Local Groundwater,Southern California,Desert Water Agency,2,2,2,2,2,
Local Groundwater,Southern California,Metropolitan Water District of Southern California,2,2,2,2,2,
Local Groundwater,Southern California,Mojave Water Agency,2,2,2,2,2,
Local Groundwater,Southern California,Palmdale Water District & Littlerock Creek Irrigation District,2,2,2,2,2,
Local Groundwater,Southern California,San Bernardino Valley Municipal Water District,2,2,2,2,2,
Local Groundwater,Southern California,San Gabriel Valley Municipal Water District,2,2,2,2,2,
Local Groundwater,Southern California,San Gorgonio Pass Water Agency,2,2,2,2,2,
Local Groundwater,Southern California,Ventura County Watershed Protection District,2,2,2,2,2,
Desalination,Central Valley - Sacramento Valley,City of Folsom,3,3,3,3,3,
Desalination,Central Valley - Sacramento Valley,City of Redding,3,3,3,3,3,
Desalination,Central Valley - Sacramento Valley,City of Roseville,3,3,3,3,3,
Desalination,Central Valley - Sacramento Valley,City of West Sacramento,3,3,3,3,3,
Desalination,Central Valley - Sacramento Valley,Yuba City,3,3,3,3,3,
Desalination,Central Valley - Sacramento Valley,El Dorado Irrigation District,3,3,3,3,3,
Desalination,Central Valley - Sacramento Valley,Napa County Flood Control & Water Conservation District,3,3,3,3,3,
Desalination,Central Valley - Sacramento Valley,Placer County Water Agency,3,3,3,3,3,
Desalination,Central Valley - Sacramento Valley,Sacramento County Water Agency,3,3,3,3,3,
Desalination,Central Valley - Sacramento Valley,San Juan Water District,3,3,3,3,3,
Desalination,Central Valley - Sacramento Valley,Shasta Contractors,3,3,3,3,3,
Desalination,Central Valley - Sacramento Valley,Solano County Water Agency,3,3,3,3,3,
Desalination,Central Valley - San Joaquin Valley,City of Avenal,3,3,3,3,3,
Desalination,Central Valley - San Joaquin Valley,City of Coalinga,3,3,3,3,3,
Desalination,Central Valley - San Joaquin Valley,City of Fresno,3,3,3,3,3,
Desalination,Central Valley - San Joaquin Valley,City of Huron,3,3,3,3,3,
Desalination,Central Valley - San Joaquin Valley,City of Lindsay,3,3,3,3,3,
Desalination,Central Valley - San Joaquin Valley,City of Orange Cove,3,3,3,3,3,
Desalination,Central Valley - San Joaquin Valley,City of Tracy,3,3,3,3,3,
Desalination,Central Valley - San Joaquin Valley,Kern County Water Agency,3,3,3,3,3,
Desalination,Central Valley - San Joaquin Valley,Other Friant-Kern M&I Contractors,3,3,3,3,3,
Desalination,Central Valley - San Joaquin Valley,Stockton-East Water District,3,3,3,3,3,
Desalination,San Francisco Bay Area,"Alameda County Flood Control and Water Conservation District, Zone 7",3,3,3,3,3,
Desalination,San Francisco Bay Area,Alameda County Water District,3,3,3,3,3,
Desalination,San Francisco Bay Area,Contra Costa Water District,3,3,3,3,3,
Desalination,San Francisco Bay Area,East Bay Municipal Utilities District,3,3,3,3,3,
Desalination,San Francisco Bay Area,"San Benito County Water District, Zone 6",3,3,3,3,3,
Desalination,San Francisco Bay Area,Santa Clara Valley Water District,3,3,3,3,3,
Desalination,Central Coast,San Luis Obispo County Flood Control & Water Conservation District,3,3,3,3,3,
Desalination,Central Coast,Santa Barbara County Flood Control & Water Conservation District,3,3,3,3,3,
Desalination,Southern California,Antelope Valley-East Kern Water Agency,3,3,3,3,3,
Desalination,Southern California,Santa Clarita Water Division,3,3,3,3,3,
Desalination,Southern California,Coachella Valley Water District,3,3,3,3,3,
Desalination,Southern California,Crestline-Lake Arrowhead Water Agency,3,3,3,3,3,
Desalination,Southern California,Desert Water Agency,3,3,3,3,3,
Desalination,Southern California,Metropolitan Water District of Southern California,3,3,3,3,3,
Desalination,Southern California,Mojave Water Agency,3,3,3,3,3,
Desalination,Southern California,Palmdale Water District & Littlerock Creek Irrigation District,3,3,3,3,3,
Desalination,Southern California,San Bernardino Valley Municipal Water District,3,3,3,3,3,
Desalination,Southern California,San Gabriel Valley Municipal Water District,3,3,3,3,3,
Desalination,Southern California,San Gorgonio Pass Water Agency,3,3,3,3,3,
Desalination,Southern California,Ventura County Watershed Protection District,3,3,3,3,3,
Recycling,Central Valley - Sacramento Valley,City of Folsom,4,4,4,4,4,
Recycling,Central Valley - Sacramento Valley,City of Redding,4,4,4,4,4,
Recycling,Central Valley - Sacramento Valley,City of Roseville,4,4,4,4,4,
Recycling,Central Valley - Sacramento Valley,City of West Sacramento,4,4,4,4,4,
Recycling,Central Valley - Sacramento Valley,Yuba City,4,4,4,4,4,
Recycling,Central Valley - Sacramento Valley,El Dorado Irrigation District,4,4,4,4,4,
Recycling,Central Valley - Sacramento Valley,Napa County Flood Control & Water Conservation District,4,4,4,4,4,
Recycling,Central Valley - Sacramento Valley,Placer County Water Agency,4,4,4,4,4,
Recycling,Central Valley - Sacramento Valley,Sacramento County Water Agency,4,4,4,4,4,
Recycling,Central Valley - Sacramento Valley,San Juan Water District,4,4,4,4,4,
Recycling,Central Valley - Sacramento Valley,Shasta Contractors,4,4,4,4,4,
Recycling,Central Valley - Sacramento Valley,Solano County Water Agency,4,4,4,4,4,
Recycling,Central Valley - San Joaquin Valley,City of Avenal,4,4,4,4,4,
Recycling,Central Valley - San Joaquin Valley,City of Coalinga,4,4,4,4,4,
Recycling,Central Valley - San Joaquin Valley,City of Fresno,4,4,4,4,4,
Recycling,Central Valley - San Joaquin Valley,City of Huron,4,4,4,4,4,
Recycling,Central Valley - San Joaquin Valley,City of Lindsay,4,4,4,4,4,
Recycling,Central Valley - San Joaquin Valley,City of Orange Cove,4,4,4,4,4,
Recycling,Central Valley - San Joaquin Valley,City of Tracy,4,4,4,4,4,
Recycling,Central Valley - San Joaquin Valley,Kern County Water Agency,4,4,4,4,4,
Recycling,Central Valley - San Joaquin Valley,Other Friant-Kern M&I Contractors,4,4,4,4,4,
Recycling,Central Valley - San Joaquin Valley,Stockton-East Water District,4,4,4,4,4,
Recycling,San Francisco Bay Area,"Alameda County Flood Control and Water Conservation District, Zone 7",4,4,4,4,4,
Recycling,San Francisco Bay Area,Alameda County Water District,4,4,4,4,4,
Recycling,San Francisco Bay Area,Contra Costa Water District,4,4,4,4,4,
Recycling,San Francisco Bay Area,East Bay Municipal Utilities District,4,4,4,4,4,
Recycling,San Francisco Bay Area,"San Benito County Water District, Zone 6",4,4,4,4,4,
Recycling,San Francisco Bay Area,Santa Clara Valley Water District,4,4,4,4,4,
Recycling,Central Coast,San Luis Obispo County Flood Control & Water Conservation District,4,4,4,4,4,
Recycling,Central Coast,Santa Barbara County Flood Control & Water Conservation District,4,4,4,4,4,
Recycling,Southern California,Antelope Valley-East Kern Water Agency,4,4,4,4,4,
Recycling,Southern California,Santa Clarita Water Division,4,4,4,4,4,
Recycling,Southern California,Coachella Valley Water District,4,4,4,4,4,
Recycling,Southern California,Crestline-Lake Arrowhead Water Agency,4,4,4,4,4,
Recycling,Southern California,Desert Water Agency,4,4,4,4,4,
Recycling,Southern California,Metropolitan Water District of Southern California,4,4,4,4,4,
Recycling,Southern California,Mojave Water Agency,4,4,4,4,4,
Recycling,Southern California,Palmdale Water District & Littlerock Creek Irrigation District,4,4,4,4,4,
Recycling,Southern California,San Bernardino Valley Municipal Water District,4,4,4,4,4,
Recycling,Southern California,San Gabriel Valley Municipal Water District,4,4,4,4,4,
Recycling,Southern California,San Gorgonio Pass Water Agency,4,4,4,4,4,
Recycling,Southern California,Ventura County Watershed Protection District,4,4,4,4,4,
Potable Reuse,Central Valley - Sacramento Valley,City of Folsom,5,5,5,5,5,
Potable Reuse,Central Valley - Sacramento Valley,City of Redding,5,5,5,5,5,
Potable Reuse,Central Valley - Sacramento Valley,City of Roseville,5,5,5,5,5,
Potable Reuse,Central Valley - Sacramento Valley,City of West Sacramento,5,5,5,5,5,
Potable Reuse,Central Valley - Sacramento Valley,Yuba City,5,5,5,5,5,
Potable Reuse,Central Valley - Sacramento Valley,El Dorado Irrigation District,5,5,5,5,5,
Potable Reuse,Central Valley - Sacramento Valley,Napa County Flood Control & Water Conservation District,5,5,5,5,5,
Potable Reuse,Central Valley - Sacramento Valley,Placer County Water Agency,5,5,5,5,5,
Potable Reuse,Central Valley - Sacramento Valley,Sacramento County Water Agency,5,5,5,5,5,
Potable Reuse,Central Valley - Sacramento Valley,San Juan Water District,5,5,5,5,5,
Potable Reuse,Central Valley - Sacramento Valley,Shasta Contractors,5,5,5,5,5,
Potable Reuse,Central Valley - Sacramento Valley,Solano County Water Agency,5,5,5,5,5,
Potable Reuse,Central Valley - San Joaquin Valley,City of Avenal,5,5,5,5,5,
Potable Reuse,Central Valley - San Joaquin Valley,City of Coalinga,5,5,5,5,5,
Potable Reuse,Central Valley - San Joaquin Valley,City of Fresno,5,5,5,5,5,
Potable Reuse,Central Valley - San Joaquin Valley,City of Huron,5,5,5,5,5,
Potable Reuse,Central Valley - San Joaquin Valley,City of Lindsay,5,5,5,5,5,
Potable Reuse,Central Valley - San Joaquin Valley,City of Orange Cove,5,5,5,5,5,
Potable Reuse,Central Valley - San Joaquin Valley,City of Tracy,5,5,5,5,5,
Potable Reuse,Central Valley - San Joaquin Valley,Kern County Water Agency,5,5,5,5,5,
Potable Reuse,Central Valley - San Joaquin Valley,Other Friant-Kern M&I Contractors,5,5,5,5,5,
Potable Reuse,Central Valley - San Joaquin Valley,Stockton-East Water District,5,5,5,5,5,
Potable Reuse,San Francisco Bay Area,"Alameda County Flood Control and Water Conservation District, Zone 7",5,5,5,5,5,
Potable Reuse,San Francisco Bay Area,Alameda County Water District,5,5,5,5,5,
Potable Reuse,San Francisco Bay Area,Contra Costa Water District,5,5,5,5,5,
Potable Reuse,San Francisco Bay Area,East Bay Municipal Utilities District,5,5,5,5,5,
Potable Reuse,San Francisco Bay Area,"San Benito County Water District, Zone 6",5,5,5,5,5,
Potable Reuse,San Francisco Bay Area,Santa Clara Valley Water District,5,5,5,5,5,
Potable Reuse,Central Coast,San Luis Obispo County Flood Control & Water Conservation District,5,5,5,5,5,
Potable Reuse,Central Coast,Santa Barbara County Flood Control & Water Conservation District,5,5,5,5,5,
Potable Reuse,Southern California,Antelope Valley-East Kern Water Agency,5,5,5,5,5,
Potable Reuse,Southern California,Santa Clarita Water Division,5,5,5,5,5,
Potable Reuse,Southern California,Coachella Valley Water District,5,5,5,5,5,
Potable Reuse,Southern California,Crestline-Lake Arrowhead Water Agency,5,5,5,5,5,
Potable Reuse,Southern California,Desert Water Agency,5,5,5,5,5,
Potable Reuse,Southern California,Metropolitan Water District of Southern California,5,5,5,5,5,
Potable Reuse,Southern California,Mojave Water Agency,5,5,5,5,5,
Potable Reuse,Southern California,Palmdale Water District & Littlerock Creek Irrigation District,5,5,5,5,5,
Potable Reuse,Southern California,San Bernardino Valley Municipal Water District,5,5,5,5,5,
Potable Reuse,Southern California,San Gabriel Valley Municipal Water District,5,5,5,5,5,
Potable Reuse,Southern California,San Gorgonio Pass Water Agency,5,5,5,5,5,
Potable Reuse,Southern California,Ventura County Watershed Protection District,5,5,5,5,5,
Long-term Contractual Transfers,Central Valley - Sacramento Valley,City of Folsom,6,6,6,6,6,
Long-term Contractual Transfers,Central Valley - Sacramento Valley,City of Redding,6,6,6,6,6,
Long-term Contractual Transfers,Central Valley - Sacramento Valley,City of Roseville,6,6,6,6,6,
Long-term Contractual Transfers,Central Valley - Sacramento Valley,City of West Sacramento,6,6,6,6,6,
Long-term Contractual Transfers,Central Valley - Sacramento Valley,Yuba City,6,6,6,6,6,
Long-term Contractual Transfers,Central Valley - Sacramento Valley,El Dorado Irrigation District,6,6,6,6,6,
Long-term Contractual Transfers,Central Valley - Sacramento Valley,Napa County Flood Control & Water Conservation District,6,6,6,6,6,
Long-term Contractual Transfers,Central Valley - Sacramento Valley,Placer County Water Agency,6,6,6,6,6,
Long-term Contractual Transfers,Central Valley - Sacramento Valley,Sacramento County Water Agency,6,6,6,6,6,
Long-term Contractual Transfers,Central Valley - Sacramento Valley,San Juan Water District,6,6,6,6,6,
Long-term Contractual Transfers,Central Valley - Sacramento Valley,Shasta Contractors,6,6,6,6,6,
Long-term Contractual Transfers,Central Valley - Sacramento Valley,Solano County Water Agency,6,6,6,6,6,
Long-term Contractual Transfers,Central Valley - San Joaquin Valley,City of Avenal,6,6,6,6,6,
Long-term Contractual Transfers,Central Valley - San Joaquin Valley,City of Coalinga,6,6,6,6,6,
Long-term Contractual Transfers,Central Valley - San Joaquin Valley,City of Fresno,6,6,6,6,6,
Long-term Contractual Transfers,Central Valley - San Joaquin Valley,City of Huron,6,6,6,6,6,
Long-term Contractual Transfers,Central Valley - San Joaquin Valley,City of Lindsay,6,6,6,6,6,
Long-term Contractual Transfers,Central Valley - San Joaquin Valley,City of Orange Cove,6,6,6,6,6,
Long-term Contractual Transfers,Central Valley - San Joaquin Valley,City of Tracy,6,6,6,6,6,
Long-term Contractual Transfers,Central Valley - San Joaquin Valley,Kern County Water Agency,6,6,6,6,6,
Long-term Contractual Transfers,Central Valley - San Joaquin Valley,Other Friant-Kern M&I Contractors,6,6,6,6,6,
Long-term Contractual Transfers,Central Valley - San Joaquin Valley,Stockton-East Water District,6,6,6,6,6,
Long-term Contractual Transfers,San Francisco Bay Area,"Alameda County Flood Control and Water Conservation District, Zone 7",6,6,6,6,6,
Long-term Contractual Transfers,San Francisco Bay Area,Alameda County Water District,6,6,6,6,6,
Long-term Contractual Transfers,San Francisco Bay Area,Contra Costa Water District,6,6,6,6,6,
Long-term Contractual Transfers,San Francisco Bay Area,East Bay Municipal Utilities District,6,6,6,6,6,
Long-term Contractual Transfers,San Francisco Bay Area,"San Benito County Water District, Zone 6",6,6,6,6,6,
Long-term Contractual Transfers,San Francisco Bay Area,Santa Clara Valley Water District,6,6,6,6,6,
Long-term Contractual Transfers,Central Coast,San Luis Obispo County Flood Control & Water Conservation District,6,6,6,6,6,
Long-term Contractual Transfers,Central Coast,Santa Barbara County Flood Control & Water Conservation District,6,6,6,6,6,
Long-term Contractual Transfers,Southern California,Antelope Valley-East Kern Water Agency,6,6,6,6,6,
Long-term Contractual Transfers,Southern California,Santa Clarita Water Division,6,6,6,6,6,
Long-term Contractual Transfers,Southern California,Coachella Valley Water District,6,6,6,6,6,
Long-term Contractual Transfers,Southern California,Crestline-Lake Arrowhead Water Agency,6,6,6,6,6,
Long-term Contractual Transfers,Southern California,Desert Water Agency,6,6,6,6,6,
Long-term Contractual Transfers,Southern California,Metropolitan Water District of Southern California,6,6,6,6,6,
Long-term Contractual Transfers,Southern California,Mojave Water Agency,6,6,6,6,6,
Long-term Contractual Transfers,Southern California,Palmdale Water District & Littlerock Creek Irrigation District,6,6,6,6,6,
Long-term Contractual Transfers,Southern California,San Bernardino Valley Municipal Water District,6,6,6,6,6,
Long-term Contractual Transfers,Southern California,San Gabriel Valley Municipal Water District,6,6,6,6,6,
Long-term Contractual Transfers,Southern California,San Gorgonio Pass Water Agency,6,6,6,6,6,
Long-term Contractual Transfers,Southern California,Ventura County Watershed Protection District,6,6,6,6,6,
Imported (SWP and/or CVP),Central Valley - Sacramento Valley,City of Folsom,7,7,7,7,7,
Imported (SWP and/or CVP),Central Valley - Sacramento Valley,City of Redding,7,7,7,7,7,
Imported (SWP and/or CVP),Central Valley - Sacramento Valley,City of Roseville,7,7,7,7,7,
Imported (SWP and/or CVP),Central Valley - Sacramento Valley,City of West Sacramento,7,7,7,7,7,
Imported (SWP and/or CVP),Central Valley - Sacramento Valley,Yuba City,7,7,7,7,7,
Imported (SWP and/or CVP),Central Valley - Sacramento Valley,El Dorado Irrigation District,7,7,7,7,7,
Imported (SWP and/or CVP),Central Valley - Sacramento Valley,Napa County Flood Control & Water Conservation District,7,7,7,7,7,
Imported (SWP and/or CVP),Central Valley - Sacramento Valley,Placer County Water Agency,7,7,7,7,7,
Imported (SWP and/or CVP),Central Valley - Sacramento Valley,Sacramento County Water Agency,7,7,7,7,7,
Imported (SWP and/or CVP),Central Valley - Sacramento Valley,San Juan Water District,7,7,7,7,7,
Imported (SWP and/or CVP),Central Valley - Sacramento Valley,Shasta Contractors,7,7,7,7,7,
Imported (SWP and/or CVP),Central Valley - Sacramento Valley,Solano County Water Agency,7,7,7,7,7,
Imported (SWP and/or CVP),Central Valley - San Joaquin Valley,City of Avenal,7,7,7,7,7,
Imported (SWP and/or CVP),Central Valley - San Joaquin Valley,City of Coalinga,7,7,7,7,7,
Imported (SWP and/or CVP),Central Valley - San Joaquin Valley,City of Fresno,7,7,7,7,7,
Imported (SWP and/or CVP),Central Valley - San Joaquin Valley,City of Huron,7,7,7,7,7,
Imported (SWP and/or CVP),Central Valley - San Joaquin Valley,City of Lindsay,7,7,7,7,7,
Imported (SWP and/or CVP),Central Valley - San Joaquin Valley,City of Orange Cove,7,7,7,7,7,
Imported (SWP and/or CVP),Central Valley - San Joaquin Valley,City of Tracy,7,7,7,7,7,
Imported (SWP and/or CVP),Central Valley - San Joaquin Valley,Kern County Water Agency,7,7,7,7,7,
Imported (SWP and/or CVP),Central Valley - San Joaquin Valley,Other Friant-Kern M&I Contractors,7,7,7,7,7,
Imported (SWP and/or CVP),Central Valley - San Joaquin Valley,Stockton-East Water District,7,7,7,7,7,
Imported (SWP and/or CVP),San Francisco Bay Area,"Alameda County Flood Control and Water Conservation District, Zone 7",7,7,7,7,7,
Imported (SWP and/or CVP),San Francisco Bay Area,Alameda County Water District,7,7,7,7,7,
Imported (SWP and/or CVP),San Francisco Bay Area,Contra Costa Water District,7,7,7,7,7,
Imported (SWP and/or CVP),San Francisco Bay Area,East Bay Municipal Utilities District,7,7,7,7,7,
Imported (SWP and/or CVP),San Francisco Bay Area,"San Benito County Water District, Zone 6",7,7,7,7,7,
Imported (SWP and/or CVP),San Francisco Bay Area,Santa Clara Valley Water District,7,7,7,7,7,
Imported (SWP and/or CVP),Central Coast,San Luis Obispo County Flood Control & Water Conservation District,7,7,7,7,7,
Imported (SWP and/or CVP),Central Coast,Santa Barbara County Flood Control & Water Conservation District,7,7,7,7,7,
Imported (SWP and/or CVP),Southern California,Antelope Valley-East Kern Water Agency,7,7,7,7,7,
Imported (SWP and/or CVP),Southern California,Santa Clarita Water Division,7,7,7,7,7,
Imported (SWP and/or CVP),Southern California,Coachella Valley Water District,7,7,7,7,7,
Imported (SWP and/or CVP),Southern California,Crestline-Lake Arrowhead Water Agency,7,7,7,7,7,
Imported (SWP and/or CVP),Southern California,Desert Water Agency,7,7,7,7,7,
Imported (SWP and/or CVP),Southern California,Metropolitan Water District of Southern California,7,7,7,7,7,
Imported (SWP and/or CVP),Southern California,Mojave Water Agency,7,7,7,7,7,
Imported (SWP and/or CVP),Southern California,Palmdale Water District & Littlerock Creek Irrigation District,7,7,7,7,7,
Imported (SWP and/or CVP),Southern California,San Bernardino Valley Municipal Water District,7,7,7,7,7,
Imported (SWP and/or CVP),Southern California,San Gabriel Valley Municipal Water District,7,7,7,7,7,
Imported (SWP and/or CVP),Southern California,San Gorgonio Pass Water Agency,7,7,7,7,7,
Imported (SWP and/or CVP),Southern California,Ventura County Watershed Protection District,7,7,7,7,7,
Other,Central Valley - Sacramento Valley,City of Folsom,8,8,8,8,8,
Other,Central Valley - Sacramento Valley,City of Redding,8,8,8,8,8,
Other,Central Valley - Sacramento Valley,City of Roseville,8,8,8,8,8,
Other,Central Valley - Sacramento Valley,City of West Sacramento,8,8,8,8,8,
Other,Central Valley - Sacramento Valley,Yuba City,8,8,8,8,8,
Other,Central Valley - Sacramento Valley,El Dorado Irrigation District,8,8,8,8,8,
Other,Central Valley - Sacramento Valley,Napa County Flood Control & Water Conservation District,8,8,8,8,8,
Other,Central Valley - Sacramento Valley,Placer County Water Agency,8,8,8,8,8,
Other,Central Valley - Sacramento Valley,Sacramento County Water Agency,8,8,8,8,8,
Other,Central Valley - Sacramento Valley,San Juan Water District,8,8,8,8,8,
Other,Central Valley - Sacramento Valley,Shasta Contractors,8,8,8,8,8,
Other,Central Valley - Sacramento Valley,Solano County Water Agency,8,8,8,8,8,
Other,Central Valley - San Joaquin Valley,City of Avenal,8,8,8,8,8,
Other,Central Valley - San Joaquin Valley,City of Coalinga,8,8,8,8,8,
Other,Central Valley - San Joaquin Valley,City of Fresno,8,8,8,8,8,
Other,Central Valley - San Joaquin Valley,City of Huron,8,8,8,8,8,
Other,Central Valley - San Joaquin Valley,City of Lindsay,8,8,8,8,8,
Other,Central Valley - San Joaquin Valley,City of Orange Cove,8,8,8,8,8,
Other,Central Valley - San Joaquin Valley,City of Tracy,8,8,8,8,8,
Other,Central Valley - San Joaquin Valley,Kern County Water Agency,8,8,8,8,8,
Other,Central Valley - San Joaquin Valley,Other Friant-Kern M&I Contractors,8,8,8,8,8,
Other,Central Valley - San Joaquin Valley,Stockton-East Water District,8,8,8,8,8,
Other,San Francisco Bay Area,"Alameda County Flood Control and Water Conservation District, Zone 7",8,8,8,8,8,
Other,San Francisco Bay Area,Alameda County Water District,8,8,8,8,8,
Other,San Francisco Bay Area,Contra Costa Water District,8,8,8,8,8,
Other,San Francisco Bay Area,East Bay Municipal Utilities District,8,8,8,8,8,
Other,San Francisco Bay Area,"San Benito County Water District, Zone 6",8,8,8,8,8,
Other,San Francisco Bay Area,Santa Clara Valley Water District,8,8,8,8,8,
Other,Central Coast,San Luis Obispo County Flood Control & Water Conservation District,8,8,8,8,8,
Other,Central Coast,Santa Barbara County Flood Control & Water Conservation District,8,8,8,8,8,
Other,Southern California,Antelope Valley-East Kern Water Agency,8,8,8,8,8,
Other,Southern California,Santa Clarita Water Division,8,8,8,8,8,
Other,Southern California,Coachella Valley Water District,8,8,8,8,8,
Other,Southern California,Crestline-Lake Arrowhead Water Agency,8,8,8,8,8,
Other,Southern California,Desert Water Agency,8,8,8,8,8,
Other,Southern California,Metropolitan Water District of Southern California,8,8,8,8,8,
Other,Southern California,Mojave Water Agency,8,8,8,8,8,
Other,Southern California,Palmdale Water District & Littlerock Creek Irrigation District,8,8,8,8,8,
Other,Southern California,San Bernardino Valley Municipal Water District,8,8,8,8,8,
Other,Southern California,San Gabriel Valley Municipal Water District,8,8,8,8,8,
Other,Southern California,San Gorgonio Pass Water Agency,8,8,8,8,8,
Other,Southern California,Ventura County Watershed Protection District,8,8,8,8,8,
